-- MySQL dump 10.16  Distrib 10.1.9-MariaDB, for Win32 (AMD64)
--
-- Host: localhost    Database: qlhs
-- ------------------------------------------------------
-- Server version	10.1.9-MariaDB

/*!40101 SET @OLD_CHARACTER_SET_CLIENT=@@CHARACTER_SET_CLIENT */;
/*!40101 SET @OLD_CHARACTER_SET_RESULTS=@@CHARACTER_SET_RESULTS */;
/*!40101 SET @OLD_COLLATION_CONNECTION=@@COLLATION_CONNECTION */;
/*!40101 SET NAMES utf8 */;
/*!40103 SET @OLD_TIME_ZONE=@@TIME_ZONE */;
/*!40103 SET TIME_ZONE='+00:00' */;
/*!40014 SET @OLD_UNIQUE_CHECKS=@@UNIQUE_CHECKS, UNIQUE_CHECKS=0 */;
/*!40014 SET @OLD_FOREIGN_KEY_CHECKS=@@FOREIGN_KEY_CHECKS, FOREIGN_KEY_CHECKS=0 */;
/*!40101 SET @OLD_SQL_MODE=@@SQL_MODE, SQL_MODE='NO_AUTO_VALUE_ON_ZERO' */;
/*!40111 SET @OLD_SQL_NOTES=@@SQL_NOTES, SQL_NOTES=0 */;

--
-- Table structure for table `diem`
--

DROP TABLE IF EXISTS `diem`;
/*!40101 SET @saved_cs_client     = @@character_set_client */;
/*!40101 SET character_set_client = utf8 */;
CREATE TABLE `diem` (
  `mahs` int(11) NOT NULL,
  `malop` int(11) NOT NULL,
  `toan` int(11) DEFAULT NULL,
  `tiengviet` int(11) DEFAULT NULL,
  `taplamvan` int(11) DEFAULT NULL,
  PRIMARY KEY (`mahs`,`malop`),
  KEY `fk_diem2` (`malop`),
  CONSTRAINT `fk_diem` FOREIGN KEY (`mahs`) REFERENCES `hocsinh` (`mahs`),
  CONSTRAINT `fk_diem2` FOREIGN KEY (`malop`) REFERENCES `lop` (`malop`)
) ENGINE=InnoDB DEFAULT CHARSET=utf8;
/*!40101 SET character_set_client = @saved_cs_client */;

--
-- Dumping data for table `diem`
--

LOCK TABLES `diem` WRITE;
/*!40000 ALTER TABLE `diem` DISABLE KEYS */;
INSERT INTO `diem` VALUES (3644,194,0,0,0),(3645,194,0,0,0),(3646,194,0,0,0),(3647,194,0,0,0),(3648,194,0,0,0),(3649,194,0,0,0),(3650,194,0,0,0),(3651,194,0,0,0),(3652,194,0,0,0),(3653,194,0,0,0),(3654,194,0,0,0),(3655,194,0,0,0),(3656,194,0,0,0),(3657,194,0,0,0),(3658,194,0,0,0),(3659,194,0,0,0),(3660,194,0,0,0),(3661,194,0,0,0),(3662,194,0,0,0),(3663,194,0,0,0),(3664,194,0,0,0),(3665,194,0,0,0),(3666,194,0,0,0),(3667,194,0,0,0),(3668,194,0,0,0),(3669,194,0,0,0),(3670,194,0,0,0),(3671,194,0,0,0),(3672,194,0,0,0),(3673,194,0,0,0),(3674,194,0,0,0),(3675,194,0,0,0),(3676,194,0,0,0),(3677,194,0,0,0),(3678,194,0,0,0),(3679,194,0,0,0),(3680,194,0,0,0),(3681,194,0,0,0),(3682,194,0,0,0),(3683,194,0,0,0),(3684,194,0,0,0),(3685,194,0,0,0),(3686,194,0,0,0),(3687,194,0,0,0),(3688,194,0,0,0),(3689,194,0,0,0),(3690,194,0,0,0),(3691,194,0,0,0),(3692,194,0,0,0),(3693,194,0,0,0),(3694,194,0,0,0),(3695,194,0,0,0),(3696,194,0,0,0),(3697,194,0,0,0),(3698,194,0,0,0),(3699,194,0,0,0),(3700,194,0,0,0),(3701,194,0,0,0),(3702,194,0,0,0),(3703,194,0,0,0),(3704,194,0,0,0),(3705,194,0,0,0),(3706,194,0,0,0),(3707,194,0,0,0),(3708,194,0,0,0),(3709,194,0,0,0),(3710,194,0,0,0),(3711,194,0,0,0),(3712,194,0,0,0),(3713,194,0,0,0),(3714,194,0,0,0),(3715,194,0,0,0),(3716,194,0,0,0),(3717,194,0,0,0),(3718,194,0,0,0),(3719,194,0,0,0),(3720,194,0,0,0),(3721,194,0,0,0),(3722,194,0,0,0),(3723,194,0,0,0),(3724,194,0,0,0),(3725,194,0,0,0),(3726,194,0,0,0),(3727,194,0,0,0),(3728,194,0,0,0),(3729,194,0,0,0),(3730,194,0,0,0),(3731,194,0,0,0),(3732,194,0,0,0),(3733,194,0,0,0),(3734,194,0,0,0),(3735,194,0,0,0),(3736,194,0,0,0),(3737,194,0,0,0),(3738,194,0,0,0),(3739,194,0,0,0),(3740,194,0,0,0),(3741,194,0,0,0),(3742,194,0,0,0),(3743,194,0,0,0),(3771,194,0,0,0),(3772,194,0,0,0),(3773,194,0,0,0),(3774,194,0,0,0),(3775,194,0,0,0),(3776,194,0,0,0),(3777,194,0,0,0),(3778,194,0,0,0),(3779,194,0,0,0),(3780,194,0,0,0),(3781,194,0,0,0),(3782,194,0,0,0),(3783,194,0,0,0),(3784,194,0,0,0),(3785,194,0,0,0),(3786,194,0,0,0),(3787,194,0,0,0),(3788,194,0,0,0),(3789,194,0,0,0),(3790,194,0,0,0),(3791,194,0,0,0),(3792,194,0,0,0),(3793,194,0,0,0),(3794,194,0,0,0),(3795,194,0,0,0),(3796,194,0,0,0),(3797,194,0,0,0),(3798,194,0,0,0),(3799,194,0,0,0),(3800,194,0,0,0),(3801,194,0,0,0),(3802,194,0,0,0),(3803,194,0,0,0),(3804,194,0,0,0),(3805,194,0,0,0),(3806,194,0,0,0),(3807,194,0,0,0),(3808,194,0,0,0),(3809,194,0,0,0),(3810,194,0,0,0),(3811,194,0,0,0),(3812,194,0,0,0),(3813,194,0,0,0),(3814,194,0,0,0),(3815,194,0,0,0),(3816,194,0,0,0),(3817,194,0,0,0),(3818,194,0,0,0),(3819,194,0,0,0),(3820,194,0,0,0),(3821,194,0,0,0),(3822,194,0,0,0),(3823,194,0,0,0),(3824,194,0,0,0),(3825,194,0,0,0),(3826,194,0,0,0),(3827,194,0,0,0),(3828,194,0,0,0),(3829,194,0,0,0),(3830,194,0,0,0),(3831,194,0,0,0),(3832,194,0,0,0),(3833,194,0,0,0),(3834,194,0,0,0),(3835,194,0,0,0),(3836,194,0,0,0),(3837,194,0,0,0),(3838,194,0,0,0),(3839,194,0,0,0),(3840,194,0,0,0),(3841,194,0,0,0),(3842,194,0,0,0),(3843,194,0,0,0),(3844,194,0,0,0),(3845,194,0,0,0),(3846,194,0,0,0),(3847,194,0,0,0),(3848,194,0,0,0),(3849,194,0,0,0),(3850,194,0,0,0),(3851,194,0,0,0),(3852,194,0,0,0),(3853,194,0,0,0),(3854,194,0,0,0),(3855,194,0,0,0),(3856,194,0,0,0),(3857,194,0,0,0),(3858,194,0,0,0),(3859,194,0,0,0),(3860,194,0,0,0),(3861,194,0,0,0),(3862,194,0,0,0),(3863,194,0,0,0),(3864,194,0,0,0),(3865,194,0,0,0),(3866,194,0,0,0),(3867,194,0,0,0),(3868,194,0,0,0),(3869,194,0,0,0),(3870,194,0,0,0);
/*!40000 ALTER TABLE `diem` ENABLE KEYS */;
UNLOCK TABLES;

--
-- Table structure for table `hocsinh`
--

DROP TABLE IF EXISTS `hocsinh`;
/*!40101 SET @saved_cs_client     = @@character_set_client */;
/*!40101 SET character_set_client = utf8 */;
CREATE TABLE `hocsinh` (
  `mahs` int(11) NOT NULL AUTO_INCREMENT,
  `hoten` text,
  `ngaysinh` text,
  `gioitinh` text,
  `dantoc` text,
  `tongiao` text,
  `diachi` text,
  `sdt` text,
  PRIMARY KEY (`mahs`)
) ENGINE=InnoDB AUTO_INCREMENT=3871 DEFAULT CHARSET=utf8;
/*!40101 SET character_set_client = @saved_cs_client */;

--
-- Dumping data for table `hocsinh`
--

LOCK TABLES `hocsinh` WRITE;
/*!40000 ALTER TABLE `hocsinh` DISABLE KEYS */;
INSERT INTO `hocsinh` VALUES (3644,'Huỳnh Thị Tuyên','3-6-2003','Nu','Nùng','Hindu','Quảng Nam','0334939583'),(3645,'Hoàng Minh Hoa','6-9-2003','Nu','Nùng','Công giáo','Quảng Nam','0334939583'),(3646,'Huỳnh Thị Luyến','9-9-2003','N/A','Hre','Thiên chúa','HCM','0334939583'),(3647,'Trần Như Kim','2-9-2004','N/A','Mường','Hindu','Hà Nội','0334939583'),(3648,'Huỳnh Kim Hoa','3-3-2005','N/A','Nùng','Thiên chúa','Lào Cai','0334939583'),(3649,'Trần Ngọc Kim','1-1-2001','N/A','Moong','Phật','Lạng Sơn','0334939583'),(3650,'Nguyễn Anh Như','9-4-2007','Nu','Hre','Thiên chúa','Lạng Sơn','0334939583'),(3651,'Trịnh Kim Thanh','2-7-2003','Nam','Nùng','Hồi giáo','Điện Biên','0334939583'),(3652,'Phùng Kim Hiếu','7-7-2002','Nam','Thái','Thiên chúa','Quảng Nam','0334939583'),(3653,'Trần Anh Ngân','1-8-2004','N/A','Tày','Thiên chúa','Tuyên Quang','0334939583'),(3654,'Võ Thị Ngân','9-1-2005','Nam','Nùng','Hindu','HCM','0334939583'),(3655,'Phùng Như Nam','7-7-2006','N/A','Hre','Hồi giáo','Vũng Tàu','0334939583'),(3656,'Nguyễn Anh Hạnh','8-7-2002','N/A','Thái','Hồi giáo','Hà Nội','0334939583'),(3657,'Hồ Kim Tuyên','3-4-2005','Nu','Nùng','Không','Tuyên Quang','0334939583'),(3658,'Võ Thanh Như','1-1-2006','N/A','Nùng','Không','Lào Cai','0334939583'),(3659,'Nguyễn Kim Hiếu','6-3-2001','Nu','Thái','Thiên chúa','Hà Nội','0334939583'),(3660,'Phan Minh Hạnh','5-6-2001','Nu','Thái','Thiên chúa','Lào Cai','0334939583'),(3661,'Hoàng Thanh Hòa','3-2-2008','N/A','Thái','Hindu','Lạng Sơn','0334939583'),(3662,'Võ Minh Luyến','2-7-2001','Nam','Kinh','Phật','Tuyên Quang','0334939583'),(3663,'Võ Kim Nam','6-8-2003','N/A','Hre','Thiên chúa','Quảng Ngãi','0334939583'),(3664,'Nguyễn Thị Luyến','9-2-2003','N/A','Nùng','Hindu','Hà Nội','0334939583'),(3665,'Phan Ngọc Hồng','9-3-2009','N/A','Hre','Hindu','Quảng Nam','0334939583'),(3666,'Trần Minh Hoàng','9-6-2003','Nam','Thái','Thiên chúa','Hà Nội','0334939583'),(3667,'Võ Như Hoàng','1-1-2002','Nam','Moong','Hồi giáo','Lào Cai','0334939583'),(3668,'Phùng Như Luận','3-6-2004','Nam','Moong','Phật','Vũng Tàu','0334939583'),(3669,'Phan Minh Thanh','3-7-2007','N/A','Moong','Thiên chúa','Lạng Sơn','0334939583'),(3670,'Nguyễn Như Luyến','2-8-2009','Nu','Hre','Công giáo','Hà Nội','0334939583'),(3671,'Hoàng Ngọc Luận','4-9-2009','N/A','Moong','Hồi giáo','Lào Cai','0334939583'),(3672,'Nguyễn Thanh Kim','4-2-2007','Nam','Kinh','Phật','Hà Nội','0334939583'),(3673,'Nguyễn Ngọc Thanh','8-5-2006','Nam','Kinh','Thiên chúa','HCM','0334939583'),(3674,'Hoàng Ngọc Phú','6-8-2007','Nam','Tày','Hindu','Điện Biên','0334939583'),(3675,'Vũ Kim Thư','4-3-2004','N/A','Mường','Hindu','Lạng Sơn','0334939583'),(3676,'Vũ Anh Phong','6-5-2005','N/A','Hre','Thiên chúa','Hà Nội','0334939583'),(3677,'Nguyễn Anh Hoàng','8-1-2003','N/A','Mường','Hồi giáo','Điện Biên','0334939583'),(3678,'Hồ Thanh Ngọc','3-8-2002','N/A','Hre','Phật','Lạng Sơn','0334939583'),(3679,'Trần Minh Quốc','2-6-2005','N/A','Moong','Không','Quảng Nam','0334939583'),(3680,'Trần Ngọc Ngân','5-4-2001','N/A','Thái','Hồi giáo','Tuyên Quang','0334939583'),(3681,'Phùng Minh Phong','8-4-2002','N/A','Moong','Thiên chúa','Lào Cai','0334939583'),(3682,'Vũ Thanh Hoàng','7-6-2004','N/A','Tày','Công giáo','Hà Nội','0334939583'),(3683,'Phan Thị Phú','5-4-2002','Nam','Mường','Thiên chúa','Quảng Nam','0334939583'),(3684,'Hoàng Anh Hoa','3-1-2004','Nam','Hoa','Hindu','Lạng Sơn','0334939583'),(3685,'Hoàng Minh Thư','8-6-2003','Nam','Thái','Thiên chúa','Hà Nội','0334939583'),(3686,'Hồ Như Minh','9-7-2002','Nu','Thái','Công giáo','Vũng Tàu','0334939583'),(3687,'Hoàng Anh Hòa','5-1-2003','Nu','Nùng','Hindu','Điện Biên','0334939583'),(3688,'Phùng Ngọc Phú','2-8-2007','Nu','Hoa','Không','Quảng Nam','0334939583'),(3689,'Phan Ngọc Hiếu','4-7-2005','Nam','Kinh','Hindu','Quảng Nam','0334939583'),(3690,'Hoàng Thanh Luyến','3-3-2003','Nam','Tày','Công giáo','Tuyên Quang','0334939583'),(3691,'Võ Minh Tuyên','1-8-2003','N/A','Mường','Công giáo','Hà Nội','0334939583'),(3692,'Trần Thị Hòa','5-7-2002','Nam','Mường','Hồi giáo','Tuyên Quang','0334939583'),(3693,'Hoàng Như Hiếu','3-7-2005','Nam','Hre','Thiên chúa','Vũng Tàu','0334939583'),(3694,'Phùng Thị Hồng','4-5-2006','N/A','Kinh','Hindu','Hà Nội','0334939583'),(3695,'Phan Như Kim','7-2-2004','Nu','Moong','Thiên chúa','Hà Nội','0334939583'),(3696,'Võ Ngọc Anh','3-7-2002','N/A','Tày','Không','Điện Biên','0334939583'),(3697,'Trịnh Thị Tuyên','2-6-2005','N/A','Moong','Hồi giáo','Lào Cai','0334939583'),(3698,'Huỳnh Ngọc Hạnh','4-8-2005','N/A','Hre','Hồi giáo','Quảng Nam','0334939583'),(3699,'Nguyễn Như Hạnh','7-7-2003','N/A','Kinh','Công giáo','Tuyên Quang','0334939583'),(3700,'Vũ Minh Luận','7-8-2005','Nu','Cơ ho','Phật','Quảng Ngãi','0334939583'),(3701,'Phùng Minh Ngân','8-3-2005','Nu','Tày','Hindu','HCM','0334939583'),(3702,'Phan Minh Kim','6-1-2007','N/A','Hre','Thiên chúa','Lạng Sơn','0334939583'),(3703,'Huỳnh Thị Nam','7-9-2007','Nam','Kinh','Công giáo','Quảng Ngãi','0334939583'),(3704,'Phan Kim Luận','8-7-2004','Nu','Tày','Thiên chúa','HCM','0334939583'),(3705,'Hồ Kim Hiếu','4-5-2002','Nu','Thái','Phật','Lào Cai','0334939583'),(3706,'Hồ Anh Nam','4-9-2006','Nam','Cơ ho','Thiên chúa','Lạng Sơn','0334939583'),(3707,'Nguyễn Anh Ngân','8-4-2008','Nam','Mường','Thiên chúa','Hà Nội','0334939583'),(3708,'Trịnh Anh Luận','2-7-2001','Nu','Hre','Phật','Quảng Nam','0334939583'),(3709,'Phan Thị Tuyên','7-7-2003','Nu','Mường','Không','Hà Nội','0334939583'),(3710,'Phùng Thanh Tuyên','1-2-2007','N/A','Cơ ho','Không','Hà Nội','0334939583'),(3711,'Võ Anh Minh','8-1-2006','N/A','Hre','Hồi giáo','Tuyên Quang','0334939583'),(3712,'Huỳnh Ngọc Hạnh','7-7-2002','Nu','Mường','Phật','Điện Biên','0334939583'),(3713,'Phan Thị Phong','1-7-2009','Nu','Hre','Hindu','Lạng Sơn','0334939583'),(3714,'Hồ Thị Nam','7-9-2002','N/A','Tày','Hồi giáo','Lào Cai','0334939583'),(3715,'Phùng Anh Ngọc','5-2-2001','N/A','Tày','Phật','Quảng Ngãi','0334939583'),(3716,'Trần Như Luận','9-7-2007','Nam','Tày','Thiên chúa','Tuyên Quang','0334939583'),(3717,'Vũ Anh Luyến','5-7-2002','Nu','Tày','Công giáo','Hà Nội','0334939583'),(3718,'Nguyễn Thanh Như','6-8-2005','N/A','Cơ ho','Phật','Điện Biên','0334939583'),(3719,'Trần Anh Quốc','6-1-2008','N/A','Nùng','Phật','Tuyên Quang','0334939583'),(3720,'Hồ Kim Ngân','7-4-2008','N/A','Kinh','Thiên chúa','Tuyên Quang','0334939583'),(3721,'Nguyễn Như Hòa','5-2-2001','N/A','Nùng','Hồi giáo','Điện Biên','0334939583'),(3722,'Hồ Ngọc Ngân','4-6-2002','N/A','Kinh','Công giáo','Điện Biên','0334939583'),(3723,'Huỳnh Anh Kim','6-5-2004','Nu','Hoa','Không','Hà Nội','0334939583'),(3724,'Vũ Thanh Phong','9-2-2003','N/A','Cơ ho','Thiên chúa','Lạng Sơn','0334939583'),(3725,'Huỳnh Thị Kim','8-1-2007','N/A','Moong','Thiên chúa','Tuyên Quang','0334939583'),(3726,'Trịnh Ngọc Hồng','5-2-2006','N/A','Cơ ho','Thiên chúa','Lạng Sơn','0334939583'),(3727,'Trần Anh Kim','2-2-2006','Nam','Tày','Công giáo','Lào Cai','0334939583'),(3728,'Nguyễn Thanh Hoa','7-6-2002','Nu','Hre','Hồi giáo','Hà Nội','0334939583'),(3729,'Phùng Ngọc Kim','3-3-2005','Nam','Thái','Công giáo','Quảng Ngãi','0334939583'),(3730,'Võ Ngọc Thư','3-6-2001','Nam','Moong','Không','Lạng Sơn','0334939583'),(3731,'Vũ Minh Phú','7-2-2009','Nam','Mường','Công giáo','Tuyên Quang','0334939583'),(3732,'Hoàng Như Hòa','2-9-2003','Nu','Nùng','Hindu','Lạng Sơn','0334939583'),(3733,'Hoàng Thanh Nam','7-4-2006','Nu','Kinh','Công giáo','Quảng Ngãi','0334939583'),(3734,'Hồ Thanh Anh','1-7-2007','Nu','Hoa','Công giáo','Tuyên Quang','0334939583'),(3735,'Hồ Anh Phú','7-5-2004','Nam','Hoa','Công giáo','Quảng Ngãi','0334939583'),(3736,'Trịnh Kim Kim','4-7-2006','Nam','Hoa','Hindu','Điện Biên','0334939583'),(3737,'Huỳnh Minh Anh','5-5-2008','Nam','Mường','Thiên chúa','HCM','0334939583'),(3738,'Trịnh Minh Phong','8-6-2002','Nam','Mường','Hindu','Điện Biên','0334939583'),(3739,'Huỳnh Minh Kim','8-1-2008','N/A','Hoa','Thiên chúa','Lạng Sơn','0334939583'),(3740,'Hồ Anh Hòa','4-9-2003','Nam','Cơ ho','Hindu','Tuyên Quang','0334939583'),(3741,'Vũ Kim Nam','2-1-2009','Nu','Hoa','Hồi giáo','HCM','0334939583'),(3742,'Võ Anh Hòa','3-8-2005','Nam','Kinh','Hồi giáo','Tuyên Quang','0334939583'),(3743,'Nguyễn Như Minh','1-7-2006','Nam','Moong','Hồi giáo','Lào Cai','0334939583'),(3744,'null','null','null','null','null','null','null'),(3745,'null','null','null','null','null','null','null'),(3746,'Tran Nhu Luan','null','null','null','null','null','null'),(3747,'Tran Nhu Luan','26/05/1994','null','null','null','null','null'),(3748,'Tran Nhu Luan','26/05/1994','Nam','null','null','null','null'),(3749,'Tran Nhu Luan','26/05/1994','Nam','Kinh','null','null','null'),(3750,'Tran Nhu Luan','26/05/1994','Nam','Kinh','Thien chua giao','null','null'),(3751,'Tran Nhu Luan','26/05/1994','Nam','Kinh','Thien chua giao','null','null'),(3752,'Tran Nhu Luan','26/05/1994','Nam','Kinh','Thien chua giao','Binh Duong/ Ba Ria Vung Tau','000000000'),(3753,'null','null','null','null','null','null','null'),(3754,'null','null','null','null','null','null','null'),(3755,'Tran Nhu Luan','null','null','null','null','null','null'),(3756,'Tran Nhu Luan','26/05/1994','null','null','null','null','null'),(3757,'Tran Nhu Luan','26/05/1994','Nam','null','null','null','null'),(3758,'Tran Nhu Luan','26/05/1994','Nam','Kinh','null','null','null'),(3759,'Tran Nhu Luan','26/05/1994','Nam','Kinh','Thien chua giao','null','null'),(3760,'Tran Nhu Luan','26/05/1994','Nam','Kinh','Thien chua giao','null','null'),(3761,'Tran Nhu Luan','26/05/1994','Nam','Kinh','Thien chua giao','Binh Duong/ Ba Ria Vung Tau','000000000'),(3762,'null','null','null','null','null','null','null'),(3763,'null','null','null','null','null','null','null'),(3764,'Tran Nhu Luan','null','null','null','null','null','null'),(3765,'Tran Nhu Luan','26/05/1994','null','null','null','null','null'),(3766,'Tran Nhu Luan','26/05/1994','Nam','null','null','null','null'),(3767,'Tran Nhu Luan','26/05/1994','Nam','Kinh','null','null','null'),(3768,'Tran Nhu Luan','26/05/1994','Nam','Kinh','Thien chua giao','null','null'),(3769,'Tran Nhu Luan','26/05/1994','Nam','Kinh','Thien chua giao','null','null'),(3770,'Tran Nhu Luan','26/05/1994','Nam','Kinh','Thien chua giao','Binh Duong/ Ba Ria Vung Tau','000000000'),(3771,'Huỳnh Thị Tuyên','3-6-2003','Nu','Nùng','Hindu','Quảng Nam','0334939583'),(3772,'Hoàng Minh Hoa','6-9-2003','Nu','Nùng','Công giáo','Quảng Nam','0334939583'),(3773,'Huỳnh Thị Luyến','9-9-2003','N/A','Hre','Thiên chúa','HCM','0334939583'),(3774,'Trần Như Kim','2-9-2004','N/A','Mường','Hindu','Hà Nội','0334939583'),(3775,'Huỳnh Kim Hoa','3-3-2005','N/A','Nùng','Thiên chúa','Lào Cai','0334939583'),(3776,'Trần Ngọc Kim','1-1-2001','N/A','Moong','Phật','Lạng Sơn','0334939583'),(3777,'Nguyễn Anh Như','9-4-2007','Nu','Hre','Thiên chúa','Lạng Sơn','0334939583'),(3778,'Trịnh Kim Thanh','2-7-2003','Nam','Nùng','Hồi giáo','Điện Biên','0334939583'),(3779,'Phùng Kim Hiếu','7-7-2002','Nam','Thái','Thiên chúa','Quảng Nam','0334939583'),(3780,'Trần Anh Ngân','1-8-2004','N/A','Tày','Thiên chúa','Tuyên Quang','0334939583'),(3781,'Võ Thị Ngân','9-1-2005','Nam','Nùng','Hindu','HCM','0334939583'),(3782,'Phùng Như Nam','7-7-2006','N/A','Hre','Hồi giáo','Vũng Tàu','0334939583'),(3783,'Nguyễn Anh Hạnh','8-7-2002','N/A','Thái','Hồi giáo','Hà Nội','0334939583'),(3784,'Hồ Kim Tuyên','3-4-2005','Nu','Nùng','Không','Tuyên Quang','0334939583'),(3785,'Võ Thanh Như','1-1-2006','N/A','Nùng','Không','Lào Cai','0334939583'),(3786,'Nguyễn Kim Hiếu','6-3-2001','Nu','Thái','Thiên chúa','Hà Nội','0334939583'),(3787,'Phan Minh Hạnh','5-6-2001','Nu','Thái','Thiên chúa','Lào Cai','0334939583'),(3788,'Hoàng Thanh Hòa','3-2-2008','N/A','Thái','Hindu','Lạng Sơn','0334939583'),(3789,'Võ Minh Luyến','2-7-2001','Nam','Kinh','Phật','Tuyên Quang','0334939583'),(3790,'Võ Kim Nam','6-8-2003','N/A','Hre','Thiên chúa','Quảng Ngãi','0334939583'),(3791,'Nguyễn Thị Luyến','9-2-2003','N/A','Nùng','Hindu','Hà Nội','0334939583'),(3792,'Phan Ngọc Hồng','9-3-2009','N/A','Hre','Hindu','Quảng Nam','0334939583'),(3793,'Trần Minh Hoàng','9-6-2003','Nam','Thái','Thiên chúa','Hà Nội','0334939583'),(3794,'Võ Như Hoàng','1-1-2002','Nam','Moong','Hồi giáo','Lào Cai','0334939583'),(3795,'Phùng Như Luận','3-6-2004','Nam','Moong','Phật','Vũng Tàu','0334939583'),(3796,'Phan Minh Thanh','3-7-2007','N/A','Moong','Thiên chúa','Lạng Sơn','0334939583'),(3797,'Nguyễn Như Luyến','2-8-2009','Nu','Hre','Công giáo','Hà Nội','0334939583'),(3798,'Hoàng Ngọc Luận','4-9-2009','N/A','Moong','Hồi giáo','Lào Cai','0334939583'),(3799,'Nguyễn Thanh Kim','4-2-2007','Nam','Kinh','Phật','Hà Nội','0334939583'),(3800,'Nguyễn Ngọc Thanh','8-5-2006','Nam','Kinh','Thiên chúa','HCM','0334939583'),(3801,'Hoàng Ngọc Phú','6-8-2007','Nam','Tày','Hindu','Điện Biên','0334939583'),(3802,'Vũ Kim Thư','4-3-2004','N/A','Mường','Hindu','Lạng Sơn','0334939583'),(3803,'Vũ Anh Phong','6-5-2005','N/A','Hre','Thiên chúa','Hà Nội','0334939583'),(3804,'Nguyễn Anh Hoàng','8-1-2003','N/A','Mường','Hồi giáo','Điện Biên','0334939583'),(3805,'Hồ Thanh Ngọc','3-8-2002','N/A','Hre','Phật','Lạng Sơn','0334939583'),(3806,'Trần Minh Quốc','2-6-2005','N/A','Moong','Không','Quảng Nam','0334939583'),(3807,'Trần Ngọc Ngân','5-4-2001','N/A','Thái','Hồi giáo','Tuyên Quang','0334939583'),(3808,'Phùng Minh Phong','8-4-2002','N/A','Moong','Thiên chúa','Lào Cai','0334939583'),(3809,'Vũ Thanh Hoàng','7-6-2004','N/A','Tày','Công giáo','Hà Nội','0334939583'),(3810,'Phan Thị Phú','5-4-2002','Nam','Mường','Thiên chúa','Quảng Nam','0334939583'),(3811,'Hoàng Anh Hoa','3-1-2004','Nam','Hoa','Hindu','Lạng Sơn','0334939583'),(3812,'Hoàng Minh Thư','8-6-2003','Nam','Thái','Thiên chúa','Hà Nội','0334939583'),(3813,'Hồ Như Minh','9-7-2002','Nu','Thái','Công giáo','Vũng Tàu','0334939583'),(3814,'Hoàng Anh Hòa','5-1-2003','Nu','Nùng','Hindu','Điện Biên','0334939583'),(3815,'Phùng Ngọc Phú','2-8-2007','Nu','Hoa','Không','Quảng Nam','0334939583'),(3816,'Phan Ngọc Hiếu','4-7-2005','Nam','Kinh','Hindu','Quảng Nam','0334939583'),(3817,'Hoàng Thanh Luyến','3-3-2003','Nam','Tày','Công giáo','Tuyên Quang','0334939583'),(3818,'Võ Minh Tuyên','1-8-2003','N/A','Mường','Công giáo','Hà Nội','0334939583'),(3819,'Trần Thị Hòa','5-7-2002','Nam','Mường','Hồi giáo','Tuyên Quang','0334939583'),(3820,'Hoàng Như Hiếu','3-7-2005','Nam','Hre','Thiên chúa','Vũng Tàu','0334939583'),(3821,'Phùng Thị Hồng','4-5-2006','N/A','Kinh','Hindu','Hà Nội','0334939583'),(3822,'Phan Như Kim','7-2-2004','Nu','Moong','Thiên chúa','Hà Nội','0334939583'),(3823,'Võ Ngọc Anh','3-7-2002','N/A','Tày','Không','Điện Biên','0334939583'),(3824,'Trịnh Thị Tuyên','2-6-2005','N/A','Moong','Hồi giáo','Lào Cai','0334939583'),(3825,'Huỳnh Ngọc Hạnh','4-8-2005','N/A','Hre','Hồi giáo','Quảng Nam','0334939583'),(3826,'Nguyễn Như Hạnh','7-7-2003','N/A','Kinh','Công giáo','Tuyên Quang','0334939583'),(3827,'Vũ Minh Luận','7-8-2005','Nu','Cơ ho','Phật','Quảng Ngãi','0334939583'),(3828,'Phùng Minh Ngân','8-3-2005','Nu','Tày','Hindu','HCM','0334939583'),(3829,'Phan Minh Kim','6-1-2007','N/A','Hre','Thiên chúa','Lạng Sơn','0334939583'),(3830,'Huỳnh Thị Nam','7-9-2007','Nam','Kinh','Công giáo','Quảng Ngãi','0334939583'),(3831,'Phan Kim Luận','8-7-2004','Nu','Tày','Thiên chúa','HCM','0334939583'),(3832,'Hồ Kim Hiếu','4-5-2002','Nu','Thái','Phật','Lào Cai','0334939583'),(3833,'Hồ Anh Nam','4-9-2006','Nam','Cơ ho','Thiên chúa','Lạng Sơn','0334939583'),(3834,'Nguyễn Anh Ngân','8-4-2008','Nam','Mường','Thiên chúa','Hà Nội','0334939583'),(3835,'Trịnh Anh Luận','2-7-2001','Nu','Hre','Phật','Quảng Nam','0334939583'),(3836,'Phan Thị Tuyên','7-7-2003','Nu','Mường','Không','Hà Nội','0334939583'),(3837,'Phùng Thanh Tuyên','1-2-2007','N/A','Cơ ho','Không','Hà Nội','0334939583'),(3838,'Võ Anh Minh','8-1-2006','N/A','Hre','Hồi giáo','Tuyên Quang','0334939583'),(3839,'Huỳnh Ngọc Hạnh','7-7-2002','Nu','Mường','Phật','Điện Biên','0334939583'),(3840,'Phan Thị Phong','1-7-2009','Nu','Hre','Hindu','Lạng Sơn','0334939583'),(3841,'Hồ Thị Nam','7-9-2002','N/A','Tày','Hồi giáo','Lào Cai','0334939583'),(3842,'Phùng Anh Ngọc','5-2-2001','N/A','Tày','Phật','Quảng Ngãi','0334939583'),(3843,'Trần Như Luận','9-7-2007','Nam','Tày','Thiên chúa','Tuyên Quang','0334939583'),(3844,'Vũ Anh Luyến','5-7-2002','Nu','Tày','Công giáo','Hà Nội','0334939583'),(3845,'Nguyễn Thanh Như','6-8-2005','N/A','Cơ ho','Phật','Điện Biên','0334939583'),(3846,'Trần Anh Quốc','6-1-2008','N/A','Nùng','Phật','Tuyên Quang','0334939583'),(3847,'Hồ Kim Ngân','7-4-2008','N/A','Kinh','Thiên chúa','Tuyên Quang','0334939583'),(3848,'Nguyễn Như Hòa','5-2-2001','N/A','Nùng','Hồi giáo','Điện Biên','0334939583'),(3849,'Hồ Ngọc Ngân','4-6-2002','N/A','Kinh','Công giáo','Điện Biên','0334939583'),(3850,'Huỳnh Anh Kim','6-5-2004','Nu','Hoa','Không','Hà Nội','0334939583'),(3851,'Vũ Thanh Phong','9-2-2003','N/A','Cơ ho','Thiên chúa','Lạng Sơn','0334939583'),(3852,'Huỳnh Thị Kim','8-1-2007','N/A','Moong','Thiên chúa','Tuyên Quang','0334939583'),(3853,'Trịnh Ngọc Hồng','5-2-2006','N/A','Cơ ho','Thiên chúa','Lạng Sơn','0334939583'),(3854,'Trần Anh Kim','2-2-2006','Nam','Tày','Công giáo','Lào Cai','0334939583'),(3855,'Nguyễn Thanh Hoa','7-6-2002','Nu','Hre','Hồi giáo','Hà Nội','0334939583'),(3856,'Phùng Ngọc Kim','3-3-2005','Nam','Thái','Công giáo','Quảng Ngãi','0334939583'),(3857,'Võ Ngọc Thư','3-6-2001','Nam','Moong','Không','Lạng Sơn','0334939583'),(3858,'Vũ Minh Phú','7-2-2009','Nam','Mường','Công giáo','Tuyên Quang','0334939583'),(3859,'Hoàng Như Hòa','2-9-2003','Nu','Nùng','Hindu','Lạng Sơn','0334939583'),(3860,'Hoàng Thanh Nam','7-4-2006','Nu','Kinh','Công giáo','Quảng Ngãi','0334939583'),(3861,'Hồ Thanh Anh','1-7-2007','Nu','Hoa','Công giáo','Tuyên Quang','0334939583'),(3862,'Hồ Anh Phú','7-5-2004','Nam','Hoa','Công giáo','Quảng Ngãi','0334939583'),(3863,'Trịnh Kim Kim','4-7-2006','Nam','Hoa','Hindu','Điện Biên','0334939583'),(3864,'Huỳnh Minh Anh','5-5-2008','Nam','Mường','Thiên chúa','HCM','0334939583'),(3865,'Trịnh Minh Phong','8-6-2002','Nam','Mường','Hindu','Điện Biên','0334939583'),(3866,'Huỳnh Minh Kim','8-1-2008','N/A','Hoa','Thiên chúa','Lạng Sơn','0334939583'),(3867,'Hồ Anh Hòa','4-9-2003','Nam','Cơ ho','Hindu','Tuyên Quang','0334939583'),(3868,'Vũ Kim Nam','2-1-2009','Nu','Hoa','Hồi giáo','HCM','0334939583'),(3869,'Võ Anh Hòa','3-8-2005','Nam','Kinh','Hồi giáo','Tuyên Quang','0334939583'),(3870,'Nguyễn Như Minh','1-7-2006','Nam','Moong','Hồi giáo','Lào Cai','0334939583');
/*!40000 ALTER TABLE `hocsinh` ENABLE KEYS */;
UNLOCK TABLES;

--
-- Table structure for table `lop`
--

DROP TABLE IF EXISTS `lop`;
/*!40101 SET @saved_cs_client     = @@character_set_client */;
/*!40101 SET character_set_client = utf8 */;
CREATE TABLE `lop` (
  `malop` int(11) NOT NULL AUTO_INCREMENT,
  `tenlop` text,
  `giaovien` text,
  `namhoc` int(11) DEFAULT NULL,
  `siso` int(11) DEFAULT NULL,
  PRIMARY KEY (`malop`)
) ENGINE=InnoDB AUTO_INCREMENT=360 DEFAULT CHARSET=utf8;
/*!40101 SET character_set_client = @saved_cs_client */;

--
-- Dumping data for table `lop`
--

LOCK TABLES `lop` WRITE;
/*!40000 ALTER TABLE `lop` DISABLE KEYS */;
INSERT INTO `lop` VALUES (194,'1A1','Huỳnh Thị Thư',2015,1),(195,'1A2','Huỳnh Thanh Phú',2015,5),(196,'1A3','Huỳnh Minh Hoa',2015,6),(197,'1A4','Phan Ngọc Hồng',2015,1),(198,'1B1','Hoàng Thanh Hạnh',2015,1),(199,'1B2','Phan Thị Hòa',2015,9),(200,'1B3','Vũ Ngọc Như',2015,2),(201,'1B4','Võ Anh Ngân',2015,1),(202,'1C1','Trần Anh Kim',2015,7),(203,'1C2','Phan Ngọc Hoàng',2015,6),(204,'1C3','Vũ Anh Hiếu',2015,8),(205,'1C4','Phan Ngọc Nam',2015,8),(206,'1D1','Hồ Như Hạnh',2015,1),(207,'1D2','Phùng Thanh Phong',2015,7),(208,'1D3','Hồ Ngọc Nam',2015,4),(209,'1D4','Trần Minh Minh',2015,1),(210,'1E1','Vũ Thị Thanh',2015,5),(211,'1E2','Trần Ngọc Hoàng',2015,2),(212,'1E3','Vũ Minh Hoa',2015,1),(213,'1E4','Vũ Minh Thư',2015,0),(214,'2A1','Trần Như Luận',2015,8),(215,'2A2','Võ Thị Thư',2015,0),(216,'2A3','Hồ Như Kim',2015,0),(217,'2A4','Trần Như Anh',2015,8),(218,'2B1','Nguyễn Thị Ngọc',2015,0),(219,'2B2','Hoàng Ngọc Hồng',2015,7),(220,'2B3','Huỳnh Thanh Luận',2015,0),(221,'2B4','Hồ Anh Hiếu',2015,0),(222,'2C1','Phùng Thanh Luyến',2015,4),(223,'2C2','Võ Ngọc Kim',2015,7),(224,'2C3','Phan Thanh Hòa',2015,5),(225,'2C4','Phùng Ngọc Kim',2015,3),(226,'2D1','Hoàng Thanh Hạnh',2015,0),(227,'2D2','Phan Ngọc Thư',2015,4),(228,'2D3','Phan Anh Quốc',2015,6),(229,'2D4','Hồ Ngọc Hoàng',2015,4),(230,'2E1','Huỳnh Thanh Luyến',2015,6),(231,'2E2','Võ Minh Hoàng',2015,4),(232,'2E3','Huỳnh Kim Luyến',2015,8),(233,'2E4','Nguyễn Thị Minh',2015,4),(234,'3A1','Hồ Ngọc Hạnh',2015,3),(235,'3A2','Phan Thị Nam',2015,2),(236,'3A3','Vũ Như Hoa',2015,3),(237,'3A4','Vũ Ngọc Hòa',2015,2),(238,'3B1','Huỳnh Kim Hiếu',2015,2),(239,'3B2','Phùng Minh Tuyên',2015,4),(240,'3B3','Nguyễn Thanh Anh',2015,8),(241,'3B4','Trần Như Phú',2015,4),(242,'3C1','Võ Ngọc Luyến',2015,4),(243,'3C2','Trịnh Thanh Ngọc',2015,6),(244,'3C3','Nguyễn Ngọc Ngân',2015,7),(245,'3C4','Trần Thị Ngọc',2015,9),(246,'3D1','Võ Anh Thư',2015,4),(247,'3D2','Huỳnh Như Luyến',2015,8),(248,'3D3','Trần Anh Hiếu',2015,3),(249,'3D4','Hồ Kim Thanh',2015,1),(250,'3E1','Phan Minh Kim',2015,1),(251,'3E2','Vũ Anh Kim',2015,2),(252,'3E3','Hồ Như Ngọc',2015,5),(253,'3E4','Phùng Thị Thanh',2015,4),(254,'4A1','Trần Minh Hoa',2015,0),(255,'4A2','Trịnh Kim Nam',2015,7),(256,'4A3','Vũ Như Luyến',2015,1),(257,'4A4','Nguyễn Thị Anh',2015,4),(258,'4B1','Trần Anh Hòa',2015,6),(259,'4B2','Vũ Minh Luận',2015,5),(260,'4B3','Hồ Kim Minh',2015,6),(261,'4B4','Phan Thanh Ngân',2015,7),(262,'4C1','Trần Kim Phong',2015,7),(263,'4C2','Vũ Thanh Phú',2015,7),(264,'4C3','Vũ Ngọc Kim',2015,5),(265,'4C4','Phan Thanh Hòa',2015,2),(266,'4D1','Hoàng Như Phong',2015,7),(267,'4D2','Trịnh Ngọc Hoàng',2015,1),(268,'4D3','Phùng Minh Anh',2015,1),(269,'4D4','Huỳnh Kim Hoa',2015,5),(270,'4E1','Võ Như Phú',2015,6),(271,'4E2','Huỳnh Kim Phong',2015,6),(272,'4E3','Võ Thanh Nam',2015,0),(273,'4E4','Võ Thanh Luận',2015,7),(274,'Lop 3A','Ngx Thanh Anh Tran Trui Trui',2015,10),(275,'Lop mot A','Nguyeenx Thanh Anh Tran Trui Trui',2015,100),(276,'Lop 3A','Ngx Thanh Anh Tran Trui Trui',2015,10),(277,'Lop mot A','Nguyeenx Thanh Anh Tran Trui Trui',2015,100),(278,'Lop 3A','Ngx Thanh Anh Tran Trui Trui',2015,10),(279,'Lop mot A','Nguyeenx Thanh Anh Tran Trui Trui',2015,100),(280,'1A1','Huỳnh Thị Thư',2015,1),(281,'1A2','Huỳnh Thanh Phú',2015,5),(282,'1A3','Huỳnh Minh Hoa',2015,6),(283,'1A4','Phan Ngọc Hồng',2015,1),(284,'1B1','Hoàng Thanh Hạnh',2015,1),(285,'1B2','Phan Thị Hòa',2015,9),(286,'1B3','Vũ Ngọc Như',2015,2),(287,'1B4','Võ Anh Ngân',2015,1),(288,'1C1','Trần Anh Kim',2015,7),(289,'1C2','Phan Ngọc Hoàng',2015,6),(290,'1C3','Vũ Anh Hiếu',2015,8),(291,'1C4','Phan Ngọc Nam',2015,8),(292,'1D1','Hồ Như Hạnh',2015,1),(293,'1D2','Phùng Thanh Phong',2015,7),(294,'1D3','Hồ Ngọc Nam',2015,4),(295,'1D4','Trần Minh Minh',2015,1),(296,'1E1','Vũ Thị Thanh',2015,5),(297,'1E2','Trần Ngọc Hoàng',2015,2),(298,'1E3','Vũ Minh Hoa',2015,1),(299,'1E4','Vũ Minh Thư',2015,0),(300,'2A1','Trần Như Luận',2015,8),(301,'2A2','Võ Thị Thư',2015,0),(302,'2A3','Hồ Như Kim',2015,0),(303,'2A4','Trần Như Anh',2015,8),(304,'2B1','Nguyễn Thị Ngọc',2015,0),(305,'2B2','Hoàng Ngọc Hồng',2015,7),(306,'2B3','Huỳnh Thanh Luận',2015,0),(307,'2B4','Hồ Anh Hiếu',2015,0),(308,'2C1','Phùng Thanh Luyến',2015,4),(309,'2C2','Võ Ngọc Kim',2015,7),(310,'2C3','Phan Thanh Hòa',2015,5),(311,'2C4','Phùng Ngọc Kim',2015,3),(312,'2D1','Hoàng Thanh Hạnh',2015,0),(313,'2D2','Phan Ngọc Thư',2015,4),(314,'2D3','Phan Anh Quốc',2015,6),(315,'2D4','Hồ Ngọc Hoàng',2015,4),(316,'2E1','Huỳnh Thanh Luyến',2015,6),(317,'2E2','Võ Minh Hoàng',2015,4),(318,'2E3','Huỳnh Kim Luyến',2015,8),(319,'2E4','Nguyễn Thị Minh',2015,4),(320,'3A1','Hồ Ngọc Hạnh',2015,3),(321,'3A2','Phan Thị Nam',2015,2),(322,'3A3','Vũ Như Hoa',2015,3),(323,'3A4','Vũ Ngọc Hòa',2015,2),(324,'3B1','Huỳnh Kim Hiếu',2015,2),(325,'3B2','Phùng Minh Tuyên',2015,4),(326,'3B3','Nguyễn Thanh Anh',2015,8),(327,'3B4','Trần Như Phú',2015,4),(328,'3C1','Võ Ngọc Luyến',2015,4),(329,'3C2','Trịnh Thanh Ngọc',2015,6),(330,'3C3','Nguyễn Ngọc Ngân',2015,7),(331,'3C4','Trần Thị Ngọc',2015,9),(332,'3D1','Võ Anh Thư',2015,4),(333,'3D2','Huỳnh Như Luyến',2015,8),(334,'3D3','Trần Anh Hiếu',2015,3),(335,'3D4','Hồ Kim Thanh',2015,1),(336,'3E1','Phan Minh Kim',2015,1),(337,'3E2','Vũ Anh Kim',2015,2),(338,'3E3','Hồ Như Ngọc',2015,5),(339,'3E4','Phùng Thị Thanh',2015,4),(340,'4A1','Trần Minh Hoa',2015,0),(341,'4A2','Trịnh Kim Nam',2015,7),(342,'4A3','Vũ Như Luyến',2015,1),(343,'4A4','Nguyễn Thị Anh',2015,4),(344,'4B1','Trần Anh Hòa',2015,6),(345,'4B2','Vũ Minh Luận',2015,5),(346,'4B3','Hồ Kim Minh',2015,6),(347,'4B4','Phan Thanh Ngân',2015,7),(348,'4C1','Trần Kim Phong',2015,7),(349,'4C2','Vũ Thanh Phú',2015,7),(350,'4C3','Vũ Ngọc Kim',2015,5),(351,'4C4','Phan Thanh Hòa',2015,2),(352,'4D1','Hoàng Như Phong',2015,7),(353,'4D2','Trịnh Ngọc Hoàng',2015,1),(354,'4D3','Phùng Minh Anh',2015,1),(355,'4D4','Huỳnh Kim Hoa',2015,5),(356,'4E1','Võ Như Phú',2015,6),(357,'4E2','Huỳnh Kim Phong',2015,6),(358,'4E3','Võ Thanh Nam',2015,0),(359,'4E4','Võ Thanh Luận',2015,7);
/*!40000 ALTER TABLE `lop` ENABLE KEYS */;
UNLOCK TABLES;
/*!40103 SET TIME_ZONE=@OLD_TIME_ZONE */;

/*!40101 SET SQL_MODE=@OLD_SQL_MODE */;
/*!40014 SET FOREIGN_KEY_CHECKS=@OLD_FOREIGN_KEY_CHECKS */;
/*!40014 SET UNIQUE_CHECKS=@OLD_UNIQUE_CHECKS */;
/*!40101 SET CHARACTER_SET_CLIENT=@OLD_CHARACTER_SET_CLIENT */;
/*!40101 SET CHARACTER_SET_RESULTS=@OLD_CHARACTER_SET_RESULTS */;
/*!40101 SET COLLATION_CONNECTION=@OLD_COLLATION_CONNECTION */;
/*!40111 SET SQL_NOTES=@OLD_SQL_NOTES */;

-- Dump completed on 2015-12-29 20:22:11
